<?xml version="1.0" encoding="iso-8859-1"?>

<userOverrides>
  <override>
    <path>E:\Work YUJIN\work of yujin\PL300\Project\PL3000_STM8\USER\GPIO_Config.c</path>
    <encoding>System</encoding>
  </override>
  <override>
    <path>E:\Work YUJIN\work of yujin\PL300\Project\PL3000_STM8\USER\HV_Charge.c</path>
    <encoding>System</encoding>
  </override>
  <override>
    <path>E:\Work YUJIN\work of yujin\PL300\Project\PL3000_STM8\USER\KEY_FTC332.c</path>
    <encoding>System</encoding>
  </override>
  <override>
    <path>E:\Work YUJIN\work of yujin\PL300\Project\PL3000_STM8\USER\delay.c</path>
    <encoding>System</encoding>
  </override>
  <override>
    <path>E:\Work YUJIN\work of yujin\PL300\Project\PL3000_STM8\USER\error_chk.h</path>
    <encoding>System</encoding>
  </override>
</userOverrides>


